{
  "versio": 1,
  "entrades": {
    "carrer llevant 2, 08110, montcada i reixac|carrer llevant 2|08110|montcada i reixac": {
      "x": 2.1886164,
      "y": 41.4772111
    },
    "carretera d'olot 7, 08560, manlleu|carretera d'olot 7|08560|manlleu": {
      "x": 2.2951355,
      "y": 42.003834
    },
    "carretera roda 18, 08560, manlleu|carretera roda 18|08560|manlleu": {
      "x": 2.2941505,
      "y": 42.0021369
    },
    "passeig de la suïssa s/n, 08551, tona|passeig de la suïssa s/n|08551|tona": {
      "x": 2.2220161,
      "y": 41.8559253
    },
    "ronda orient 8, 08100, mollet del valles|ronda orient 8|08100|mollet del valles": {
      "x": 2.2181509,
      "y": 41.534619
    },
    "avinguda de la llibertat 39, 08100, mollet del valles|avinguda de la llibertat 39|08100|mollet del valles": {
      "x": 2.2124189,
      "y": 41.536996
    },
    "italia 46, 08100, mollet del valles|italia 46|08100|mollet del valles": {
      "x": 2.2160746,
      "y": 41.5342408
    },
    "rambla pompeu fabra 20, 08100, mollet del valles|rambla pompeu fabra 20|08100|mollet del valles": {
      "x": 2.2181763,
      "y": 41.5394682
    },
    "ronda orient 14, 08100, mollet del valles|ronda orient 14|08100|mollet del valles": {
      "x": 2.2181509,
      "y": 41.534619
    },
    "rambla pompeu fabra 40, 08100, mollet del valles|rambla pompeu fabra 40|08100|mollet del valles": {
      "x": 2.2191655,
      "y": 41.5408673
    },
    "carrer de borrell 16, 08100, mollet del valles|carrer de borrell 16|08100|mollet del valles": {
      "x": 2.209294,
      "y": 41.5435383
    },
    "carrer de sant joan 26, 08100, mollet del valles|carrer de sant joan 26|08100|mollet del valles": {
      "x": 2.2091274,
      "y": 41.5439659
    },
    "carrer josep tarradellas 31, 08187, santa eulàlia de ronçana|carrer josep tarradellas 31|08187|santa eulàlia de ronçana": {
      "x": 2.2336251,
      "y": 41.6388899
    },
    "carrer tenes 23, 08186, lliçà d'amunt|carrer tenes 23|08186|lliçà d'amunt": {
      "x": 2.2415208,
      "y": 41.6141336
    },
    "avinguda cantallops 14, 08185, lliçà de vall|avinguda cantallops 14|08185|lliçà de vall": {
      "x": 2.2332004,
      "y": 41.5798843
    },
    "montserrat 36, 08185, lliça de vall|montserrat 36|08185|lliça de vall": {
      "x": 2.2423002,
      "y": 41.5975692
    },
    "carrer de claudi arañó i arañó 17, 08100, mollet del valles|carrer de claudi arañó i arañó 17|08100|mollet del valles": {
      "x": 2.2301146,
      "y": 41.5536075
    },
    "carrer can magí 10, 08210, barberà del vallès|carrer can magí 10|08210|barberà del vallès": {
      "x": 2.1448161,
      "y": 41.5172181
    },
    "carrer de fructuós gelabert 1, 08970, sant joan despi|carrer de fructuós gelabert 1|08970|sant joan despi": {
      "x": 2.067348,
      "y": 41.3725772
    },
    "carrer de ripoll 33, 08500, vic|carrer de ripoll 33|08500|vic": {
      "x": 2.255043,
      "y": 41.9462891
    },
    "avinguda d'olímpia 7, 08500, vic|avinguda d'olímpia 7|08500|vic": {
      "x": 2.241895,
      "y": 41.9331258
    },
    "avinguda de sant bernat calbó 8, 08500, vic|avinguda de sant bernat calbó 8|08500|vic": {
      "x": 2.2617386,
      "y": 41.9355963
    },
    "rambla passeig 7, 08500, vic|rambla passeig 7|08500|vic": {
      "x": 2.2563649,
      "y": 41.9303739
    },
    "carrer de gurb 36, 08500, vic|carrer de gurb 36|08500|vic": {
      "x": 2.253153,
      "y": 41.9316684
    },
    "carretera prats de lluçanes 14, 08500, vic|carretera prats de lluçanes 14|08500|vic": {
      "x": 2.2416303,
      "y": 41.9277987
    },
    "carrer de sant jordi 1, 08500, vic|carrer de sant jordi 1|08500|vic": {
      "x": 2.2646956,
      "y": 41.9332541
    },
    "carrer de sant pau 39, 08500, vic|carrer de sant pau 39|08500|vic": {
      "x": 2.2592526,
      "y": 41.9308577
    },
    "carrer sant roc 68, 08570, torelló|carrer sant roc 68|08570|torelló": {
      "x": 2.2719909,
      "y": 42.042258
    },
    "carrer dels estudis 6, 08570, torelló|carrer dels estudis 6|08570|torelló": {
      "x": 2.2657815,
      "y": 42.0479743
    },
    "carretera prats de lluçanes 2, 08500, vic|carretera prats de lluçanes 2|08500|vic": {
      "x": 2.2444589,
      "y": 41.9278558
    },
    "carrer de roger de flor 61, 08401, granollers|carrer de roger de flor 61|08401|granollers": {
      "x": 2.2834923,
      "y": 41.6077058
    },
    "passeig l'alzina 1, 08420, canovelles|passeig l'alzina 1|08420|canovelles": {
      "x": 2.2723166,
      "y": 41.6173309
    },
    "ramon llull 18, 08401, granollers|ramon llull 18|08401|granollers": {
      "x": 2.28711,
      "y": 41.6140501
    },
    "josep umbert 130, 08400, granollers|josep umbert 130|08400|granollers": {
      "x": 2.2887848,
      "y": 41.6069312
    },
    "valles 1, 08520, corro d´avall|valles 1|08520|corro d´avall": {
      "x": 2.3221475,
      "y": 41.6512839
    },
    "carrer salvador espriu 6, 08150, parets del vallès|carrer salvador espriu 6|08150|parets del vallès": {
      "x": 2.2365079,
      "y": 41.5727187
    },
    "avinguda catalunya 3, 08105, sant fost de campsentelles|avinguda catalunya 3|08105|sant fost de campsentelles": {
      "x": 2.2287547,
      "y": 41.523499
    },
    "carrer major 16, 08160, montmeló|carrer major 16|08160|montmeló": {
      "x": 2.247244,
      "y": 41.5510434
    },
    "sur 5, 08170, montornes del valles|sur 5|08170|montornes del valles": {
      "x": 2.2670557,
      "y": 41.542545
    },
    "carretera montmelo 120, 08403, granollers|carretera montmelo 120|08403|granollers": {
      "x": 2.2707572,
      "y": 41.5726499
    },
    "major 28, 08170, montornes del valles|major 28|08170|montornes del valles": {
      "x": 2.2715782,
      "y": 41.5403003
    },
    "carrer de vila-seca 12, 08571, vila-seca|carrer de vila-seca 12|08571|vila-seca": {
      "x": 2.2505389,
      "y": 42.0642954
    },
    "carretera de manlleu 7, 08500, vic|carretera de manlleu 7|08500|vic": {
      "x": 2.2552548,
      "y": 41.9348605
    },
    "avinguda del castell 18, 08570, torello|avinguda del castell 18|08570|torello": {
      "x": 2.257411,
      "y": 42.0547107
    },
    "girona 210, 08400, granollers|girona 210|08400|granollers": {
      "x": 2.290621,
      "y": 41.6088794
    }
  }
}
